Workbook

Sheet Key
A2: Note this algorithm works by OR matching - if any record matches any code in any column it will mark the participant as a case, otherwise they are considered a control
A4: Key | B4: ALL | D4: [code].X will be matched with any string that starts [code] then followed by any numbers
D5: [code] will be matched exactly only
D6: Please split with commas
B9: Primary Care | D9: If Use Primary Care Code does not contain "Yes" the algorithm will ignore Primary Care Data
D10: If Use Primary Care Code contains "Yes", additional variables will be created setting participants to case, control or missing from Primary Care
D11: For this to work, one of the following must be true:
D12: 1) Match ICD10 Primary Codes = "Yes" : this will use the ICD10 column to match to the read codes - please see sheet Primary Care Matching Key for details
D13: NOTE: This should not be used for dagger and asterisk ICD codes
D14: 2) Read v2 or Read v3 is non-empty: this will match only the codes shown in these cells to the primary care data
B18: Prevalent/Incident: | D18: By default variables are reported as binary present or absent;
D19: if "YES" is in the prevalent/incident column then each case participant will be marked prevalent or incident
D20: and a date field of first event for each type (HES, Death Certificate, Primary, Self-report) will be given
D21: Dates will be approximated as the midpoint between last clear report and first present report if missing
D22: Where multiple dates exist for the same event report, the earliest date will be taken if incident; the median date will be taken if prevalent
D23: (e.g. ifa followup survey reports a conditions but the preliminary does not, the date will be set as the midpoint of the two reports)
B26: Fields Used from UK Biobank
B27: 40013, 40017, 41203, 41205 | D27: ICD-9 codes
B28: 40006, 40016, 41202, 41204 | D28: ICD-10 codes
B29: 40001, 40002 | D29: Death Certification
B30: 40011 | D30: Cancer Histology
B31: 20001, 20002, 20004, 6150, 6152, 6153, 6177 | D31: Self-report
B34: Password | D34: happybunny

Sheet Primary Care Matching Key
A1: Adaption of the UK Biobank download from http://biobank.ndph.ox.ac.uk/showcase/showcase/auxdata/primarycare_codings.zip
A2: The best explanation of the superset of these mappings is : http://biobank.ctsu.ox.ac.uk/crystal/crystal/docs/first_occurrences_outcomes.pdf
A6: read_v2_icd10 | C6: Table 2 shows the UK Biobank mappings for their first occurances outcomes | K6: Table 2
I7: Included? | K7: Mapping type
C8: Contains only the 1:1 mapping terms | I8: Yes | K8: 1:1 map
I9: No | K9: range map: read v2 term maps to any in a range of ICD10 codes
C10: If you require a more sensitive treatment of the
C11: Read V2 codes, look up your required codes using the | I11: No | K11: combination - multiple ICD10 codes given. Any are possible cross maps
C12: primarycare_codings.zip link above
C13: and put in the Read V2 column on the control sheet | I13: No | K13: Asterisk code
I14: No | K14: Dagger and asterisk code paid
I16: No | K16: Dagger code
I17: No | K17: Plus sign used - two ICD10 codes are both needed to describe this read v2 code
A21: read_ctv3_icd10 | C21: Contains only the D and E mappings (Exact and Default)
C23: If you require a more sensitive treatment of the
C24: Read V3 codes, look up your required codes using the
C25: primarycare_codings.zip link above
C26: and put in the Read V3 column on the control sheet

Sheet Definitions
A1: Completer | B1: Outcome name | C1: Suggested variable name | D1: ICD-9 codes | E1: ICD-10 codes | F1: Death 40001, 40002 | G1: Cancer Histology | H1: Self-report 20001 | I1: Self-report 20002 | J1: Self-report 20004 | K1: Self-report 6150 | L1: Self-report 6152 | M1: Self-report 6153 | N1: Self-report 6177 | O1: Procedures OPCS4 | P1: Procedures OPCS3 | Q1: Use Primary Care | R1: Match ICD10 Primary Care Codes | S1: Read V3 Primary Care Codes | T1: Read V2 Primary Care Codes | U1: Prevalent/Incident | V1: Comments on definition | W1: Other comments
A2: Adam | B2: Aortic aneurysm | C2: aa | D2: 441.X | E2: I71.X | F2: I71.X | I2: 1492, 1591 | J2: 1104 | Q2: NO | R2: NO | U2: No | V2: Non-CHD CVD
A3: Adam | B3: 'Hard' coronary artery disease | C3: cad_hard | D3: 410.X, 411.X, 412.X | E3: I21.X, I22.X, I23.X, I24.X, I25.2 | F3: I21.X, I22.X, I23.X, I24.X, I25.2 | I3: 1075 | J3: 1070, 1095, 1523 | K3: 1 | O3: K40.X, K41.X, K42.X, K43.X, K44.X, K45.X, K46.X, K49.X, K50.1, K50.2, K50.4, K75.X | Q3: No | U3: No | V3: Used for GWAS analysis of coronary disease in by the UKBB CardioMetabolic Consortium CAD group (see Nelson et al, Nature Genetics, 2017)
A4: Adam | B4: 'Intermediate' coronary artery disease | C4: cad_int | D4: 410.X, 411.X, 412.X, 414.0.X, 414.8.X, 414.9.X | E4: I21.X, I22.X, I23.X, I24.X, I25.1, I25.2, I25.5, I25.6, I25.8, I25.9 | F4: I21.X, I22.X, I23.X, I24.X, I25.1, I25.2, I25.5, I25.6, I25.8, I25.9 | I4: 1075 | J4: 1070, 1095, 1523 | K4: 1 | O4: K40.X, K41.X, K42.X, K43.X, K44.X, K45.X, K46.X, K49.X, K50.1, K50.2, K50.4, K75.X | Q4: No | U4: No | V4: Revised definition inbetween the 'soft' and 'hard' above, being used by the UKBB CardioMetabolic Consortium CAD group currently
A5: Adam | B5: 'Soft' coronary artery disease | C5: cad_soft | D5: 410.X, 411.X, 412.X, 413.X, 414.0.X, 414.8.X, 414.9.X | E5: I20.X, I21.X, I22.X, I23.X, I24.X, I25.1, I25.2, I25.5, I25.6, I25.8, I25.9 | F5: I20.X, I21.X, I22.X, I23.X, I24.X, I25.1, I25.2, I25.5, I25.6, I25.8, I25.9 | I5: 1074, 1075 | J5: 1070, 1095, 1523 | K5: 1, 2 | O5: K40.X, K41.X, K42.X, K43.X, K44.X, K45.X, K46.X, K49.X, K50.1, K50.2, K50.4, K75.X | Q5: No | U5: No | V5: Used for GWAS analysis of coronary disease in by the UKBB CardioMetabolic Consortium CAD group (see Nelson et al, Nature Genetics, 2017)
A6: Adam | B6: Heart failure (including cardiomyopathy) | C6: hf_cmp | D6: 402.01, 402.11, 402.91, 404.01, 404.11, 404.91, 404.03, 404.13, 404.93, 425.X, 428.X | E6: I11.0, I13.0, I13.2, I25.5, I50.X, I42.X | F6: I11.0, I13.0, I13.2, I25.5, I50.X, I42.X | I6: 1076, 1079, 1588 | Q6: No | U6: No | V6: Non-CHD CVD (used in Emdin et al, Circulation 2018)
A7: Adam | B7: Thoracic aortic aneurysm | C7: taa | D7: 441.1.X, 441.2.X | E7: I71.1, I71.2 | F7: I71.1, I71.2 | I7: - | Q7: No | U7: No | V7: Non-CHD CVD
A8: Adam | B8: UKB's algorithmically defined intracerebral haemorrhage | C8: ukb_ich | D8: 431.X | E8: I61.X | F8: I61.X | I8: 1491 | O8: - | Q8: No | U8: No | V8: Provided by UK Biobank (fields 42010/42011). Subset of ukb_stroke
A9: Adam | B9: UKB's algorithmically defined myocardial infarction | C9: ukb_mi | D9: 410.X, 411.0.X, 412.X, 429.79 | E9: I21.X, I22.X, I23.X, I24.1, I25.2 | F9: I21.X, I22.X, I23.X, I24.1, I25.2 | I9: 1075 | O9: - | Q9: No | U9: No | V9: Provided by UK Biobank (fields 42000/42001). NB: only MI, not all coronary disease
A10: Adam | B10: UKB's algorithmically defined NSTEMI | C10: ukb_nstemi | D10: 410.7.X | E10: I21.4, I21.9, I22.9 | F10: I21.4, I21.9, I22.9 | I10: - | O10: - | Q10: No | U10: No | V10: Provided by UK Biobank (fields 42004/42005). Subset of the MI variable
A11: Adam | B11: UKB's algorithmically defined subarachnoid haemorrhage | C11: ukb_sah | D11: 430.X | E11: I60.X | F11: I60.X | I11: 1086 | O11: - | Q11: No | U11: No | V11: Provided by UK Biobank (fields 42012/42013). Subset of ukb_stroke
A12: Adam | B12: UKB's algorithmically defined STEMI | C12: ukb_stemi | D12: 410.0.X, 410.1.X, 410.2.X, 410.3.X, 410.4.X, 410.5.X, 410.6.X, 410.8.X, 410.9.X | E12: I21.0, I21.1 I21.2, I21.3, I22.0, I22.1, I22.8 | F12: I21.0, I21.1 I21.2, I21.3, I22.0, I22.1, I22.8 | I12: - | O12: - | Q12: No | U12: No | V12: Provided by UK Biobank (fields 42002/42003). Subset of the MI variable
A13: Adam | B13: UKB's algorithmically defined ischaemic stroke | C13: ukb_stri | D13: 434.X, 436.X | E13: I63.X, I64.X | F13: I63.X, I64.X | I13: 1583 | O13: - | Q13: No | U13: No | V13: Provided by UK Biobank (fields 42008/42009). Subset of ukb_stroke
A14: Adam | B14: UKB's algorithmically defined stroke | C14: ukb_stroke | D14: 430.X, 431.X, 434.X, 436.X | E14: I60.X, I61.X, I63.X, I64.X | F14: I60.X, I61.X, I63.X, I64.X | I14: 1081, 1086, 1491, 1583 | O14: - | Q14: No | U14: No | V14: Provided by UK Biobank (fields 42006/42007).
A15: Adam | B15: Venous thromboembolism | C15: vte | D15: 415.1, 451.1, 452.X, 453.0, 453.4.X, 453.9.X, | E15: I26.X, I80.1, I80.2, I81.X, I82.0 | F15: I26.X, I80.1, I80.2, I81.X, I82.0 | I15: 1068, 1093, 1094 | L15: 5,7 | O15: L90.2 | Q15: No | U15: No | V15: Non-CHD CVD (used in Emdin et al, Circulation 2018)
A16: Amy | B16: Schizophrenia | C16: sch_1 | D16: 295.X | E16: F20.X, F25.X | F16: F20.X, F25.X | I16: 1289 | Q16: Yes | R16: Yes | U16: No | V16: Schizophrenia
A17: Amy | B17: Schizophrenia inc schizoaffective disorder | C17: sch_2 | D17: 295.X, 301.22, 301.20, 301.21 | E17: F20.X, F25.X, F21.X, F60.1.X | F17: F20.X, F25.X, F21.X, F60.1.X | I17: 1289 | Q17: Yes | R17: Yes | U17: No | V17: Schizophrenia & schizoaffective disorder
A18: Amy | B18: All Cancer | C18: ca_all | D18: 14.X, 15.X,16.X,17.X, 18.X, 19.X, 20.X, V10.X | E18: C.X, Z85.X | F18: C.X, Z85.X | G18: .X | H18: .X
A19: Amy | B19: Tachycardia with palpations | C19: aftap | D19: 427.3.X, 427.0.X, 427.4.X, 785.0.X, 427.6.X, | E19: I48.X, I47.X, I49.0.X, I49.1.X, I49.2.X, I49.3.X, I49.4.X, R00.0, R00.2 | F19: I48.X, I47.X, I49.0.X, I49.1.X, I49.2.X, I49.3.X, I49.4.X, R00.0, R00.2 | I19: 1471, 1483, 1485, 1487 | J19: - | K19: - | L19: - | M19: - | N19: - | O19: - | Q19: NO | U19: No | V19: Extended af to include tachycardia and palpations; coffee-CVD manuscript; NB: hr>100 must be added seperately via 102 & 4149
A20: Amy | B20: Tachycardia | C20: afta | D20: 427.3.X, 427.0.X, 427.4.X, 785.0.X, | E20: I48.X, I47.X, I49.0.X, R00.0, | F20: I48.X, I47.X, I49.0.X, R00.0, | I20: 1487, 1471, 1483 | J20: - | K20: - | L20: - | M20: - | N20: - | O20: - | Q20: NO | U20: No | V20: Extended af to include tachycardia; coffee-CVD manuscript NB: hr>100 must be added seperately via 102 & 4149
A21: Amy | B21: Fracture of Femur | C21: fof | D21: 820.X, 821.X, | E21: S72.X | F21: S72.X | I21: 1648, 1649 | Q21: NO | U21: No
A22: Amy | B22: osteoporosis | C22: osteo | D22: 733.00 , 733.01, 733.02 , 733.03 , 733.09 | E22: M80.X, M81.X, M82.X, | F22: M80.X, M81.X, M82.X, | I22: 1309 | Q22: NO | U22: No
A23: Amy | B23: osteoporosis plus osteopenia | C23: osteo_plus | D23: 733.00 , 733.01, 733.02 , 733.03 , 733.09 | E23: M80.X, M81.X, M82.X, | F23: M80.X, M81.X, M82.X, | I23: 1309, 1617, | Q23: NO | U23: No
A24: Amy | B24: fracture of Forearm | C24: frac_fore | D24: 813.X, 733.12 | E24: S52.X, S62.9.X, M80.03 , M8083, | F24: S52.X, S62.9.X, M80.03 , M8083, | I24: 1634, 1635, 1636 | Q24: NO | U24: No | V24: Fragility Fracture Codes, based on https://www.ncbi.nlm.nih.gov/pmc/articles/PMC6358485/#SD2 , table 22, Edited by Amy
A25: Amy | B25: fracture of Upper arm | C25: frac_arm | D25: 812.X, 733.11 | E25: S42.2.X, S42.3.X, S42.4.X, S42.7.X, S42.8.X, S42.9.X, M8001, M8002, M8081, M8082 | F25: S42.2.X, S42.3.X, S42.4.X, S42.7.X, S42.8.X, S42.9.X, M8001, M8002, M8081, M8082 | I25: 1633 | Q25: NO | U25: No | V25: Fragility Fracture Codes, based on https://www.ncbi.nlm.nih.gov/pmc/articles/PMC6358485/#SD2 , table 22, Edited by Amy
A26: Amy | B26: fracture of Hip | C26: frac_hip | D26: 820.X, 733.14 | E26: S72.0.X, S72.1.X, S72.2.X, | F26: S72.0.X, S72.1.X, S72.2.X, | I26: 1648 | Q26: NO | U26: No | V26: Fragility Fracture Codes, based on https://www.ncbi.nlm.nih.gov/pmc/articles/PMC6358485/#SD2 , table 22, Edited by Amy
A27: Amy | B27: fracture of Vertebrae | C27: frac_vert | D27: 805.X, 806.X, 733.13 | E27: S12.0.X, S12.1.X, S12.2.X, S12.3.X, S12.4.X, S12.5.X, S12.6.X, S12.7.X, S22.0.X, S22.1.X, S32.0.X, M484.X, M485.X, M8008, M8088 | F27: S12.0.X, S12.1.X, S12.2.X, S12.3.X, S12.4.X, S12.5.X, S12.6.X, S12.7.X, S22.0.X, S22.1.X, S32.0.X, M484.X, M485.X, M8008, M8088 | I27: 1646 | Q27: NO | U27: No | V27: Fragility Fracture Codes, based on https://www.ncbi.nlm.nih.gov/pmc/articles/PMC6358485/#SD2 , table 22, Edited by Amy
A28: Amy | B28: fracture of Pelvis | C28: frac_pelvis | D28: 808.X | E28: S32.1.X, S32.2.X, S32.3.X, S32.4.X, S32.5.X, S32.6.X,S32.7.X,S32.8.X, S32.9.X | F28: S32.1.X, S32.2.X, S32.3.X, S32.4.X, S32.5.X, S32.6.X,S32.7.X,S32.8.X, S32.9.X | I28: 1647 | Q28: NO | U28: No | V28: Fragility Fracture Codes, based on https://www.ncbi.nlm.nih.gov/pmc/articles/PMC6358485/#SD2 , table 22, Edited by Amy
A29: Amy | B29: fracture of Femur | C29: frac_femur | D29: 821.X, 733.15 | E29: S72.3.X, S72.4.X, S72.5.X, S72.6.X, S72.7.X, S72.8.X, S72.9.X, M8005, M8085 | F29: S72.3.X, S72.4.X, S72.5.X, S72.6.X, S72.7.X, S72.8.X, S72.9.X, M8005, M8085 | I29: 1649 | Q29: NO | U29: No | V29: Fragility Fracture Codes, based on https://www.ncbi.nlm.nih.gov/pmc/articles/PMC6358485/#SD2 , table 22, Edited by Amy
A30: Amy | B30: fracture of Lower leg | C30: frac_leg | D30: 823.X, 733.16 | E30: S82.1.X, S82.2.X, S82.3.X, S82.4.X, M8006, M8086 | F30: S82.1.X, S82.2.X, S82.3.X, S82.4.X, M8006, M8086 | I30: 1651, 1652, 1653, | Q30: NO | U30: No | V30: Fragility Fracture Codes, based on https://www.ncbi.nlm.nih.gov/pmc/articles/PMC6358485/#SD2 , table 22, Edited by Amy
A31: Amy | B31: fracture of Patella | C31: frac_pat | D31: 822.X | E31: S82.0.X | F31: S82.0.X | I31: 1650 | Q31: NO | U31: No | V31: Fragility Fracture Codes, based on https://www.ncbi.nlm.nih.gov/pmc/articles/PMC6358485/#SD2 , table 22, Edited by Amy
A32: Amy | B32: fracture of Ankle | C32: frac_ank | D32: 824.X | E32: S82.5.X, S82.6.X, S82.7.X, S82.8.X, S82.9.X, M8007, M8087 | F32: S82.5.X, S82.6.X, S82.7.X, S82.8.X, S82.9.X, M8007, M8087 | I32: 1654 | Q32: NO | U32: No | V32: Fragility Fracture Codes, based on https://www.ncbi.nlm.nih.gov/pmc/articles/PMC6358485/#SD2 , table 22, Edited by Amy
A33: Amy | B33: fracture of Rib | C33: frac_rib | D33: 807.0.X , 807.1.X, | E33: S22.3.X, S22.4.X, S22.5.X | F33: S22.3.X, S22.4.X, S22.5.X | I33: 1644, | Q33: NO | U33: No | V33: Fragility Fracture Codes, based on https://www.ncbi.nlm.nih.gov/pmc/articles/PMC6358485/#SD2 , table 22, Edited by Amy
A34: Amy | B34: fracture of Scapula | C34: frac_scap | D34: 811.X | E34: S42.1.X | F34: S42.1.X | I34: 1632 | Q34: NO | U34: No | V34: Fragility Fracture Codes, based on https://www.ncbi.nlm.nih.gov/pmc/articles/PMC6358485/#SD2 , table 22, Edited by Amy
A35: Amy | B35: fracture of Sternum | C35: frac_ster | D35: 807.2.X, 807.3.X | E35: S22.2.X | F35: S22.2.X | I35: 1645 | Q35: NO | U35: No | V35: Fragility Fracture Codes, based on https://www.ncbi.nlm.nih.gov/pmc/articles/PMC6358485/#SD2 , table 22, Edited by Amy
A36: Amy | B36: fracture of Clavicle | C36: frac_calv | D36: 810.X | E36: S42.0.X | F36: S42.0.X | I36: 1631 | Q36: NO | U36: No | V36: Fragility Fracture Codes, based on https://www.ncbi.nlm.nih.gov/pmc/articles/PMC6358485/#SD2 , table 22, Edited by Amy
A37: Amy | B37: fracture of site unspecified | C37: frac_unk | D37: 733.10, 733.19 | E37: M8000, M8080, M810.X, Z87310 | F37: M8000, M8080, M810.X, Z87310 | Q37: NO | U37: No | V37: Fragility Fracture Codes, based on https://www.ncbi.nlm.nih.gov/pmc/articles/PMC6358485/#SD2 , table 22, Edited by Amy
A38: Amy | B38: fracture anywhere | C38: frac_all | D38: 80.X, 81.X, 82.X, 733.1.X | E38: S02.X, S12.X, S22.X, S32.X, S42.X, S52.X, S62.X, S72.X, S82.X, S92.X, M484.X, M485.X, M80.X, M810.X, Z87310 | F38: S02.X, S12.X, S22.X, S32.X, S42.X, S52.X, S62.X, S72.X, S82.X, S92.X, M484.X, M485.X, M80.X, M810.X, Z87310 | I38: 162.X, 163.X, 164.X, 1650, 1651, 1652, 1653, 1654, 1655, 1656 | Q38: NO | U38: No
A39: Amy | B39: Vitamin D deficiant | C39: vitD_def | D39: 268, 268.9 | E39: E55, E55.9
A40: Amy | B40: Vitamin D deficiant including death certificate | C40: vitD_def_death | D40: 268, 268.9 | E40: E55, E55.9 | F40: E55, E55.9
A41: Amy | B41: Vitamin D deficiant including death certificate & primary care | C41: vitD_def_prim | D41: 268, 268.9 | E41: E55, E55.9 | F41: E55, E55.9 | Q41: YES | R41: NO | S41: C28z., | T41: C28z. , C28.., C2B..,
A42: Amy | B42: Gallstones table 1 disease codes | C42: gall_tb1 | D42: 574.X, 575.0, 575.1, 574.3, 574.4, 574.5, 574.6, 574.7, 574.8, 574.9, 576.0, 997.41, 560.31, | E42: K80.X, K81.X, K85.1, K91.5, K91.86, K56.3 | F42: K80.X, K81.X, K85.1, K91.5, K91.86, K56.3 | I42: 1162, 1163, 1160, 1161, | V42: based on https://aasldpubs.onlinelibrary.wiley.com/doi/10.1002/hep.32199
A43: Amy | B43: Gallstones table 2 surgical row 1 | C43: gall_tb2_r1 | J43: 1455 | O43: J18.X | P43: 522.X | Q43: NO | R43: NO
A44: Amy | B44: Gallstones table 2 surgical row 2+ | C44: gall_tb2_other | J44: 1528 | O44: J21.1, J24.2, J24.3, J26.1, J33.1, J33.2, J38.1, J41.1, J41.3, J49.1, J49.2, J52.1, J42.3, J60.2, J87.1, J76.1 | P44: 521.X, 511.X, 530.2, | Q44: NO
A45: Amy | B45: Gallstones table 3 exclusions | C45: gall_tb3 | D45: 156.X, 155.X, 152.0, 156.X, 157.X, 230.8, 211.2, 211.5, 211.6, 211.7, 864.X, 868.02, 868.12, 575.6, | E45: C23.X, C22.X, C17.0, C24.X, C25.X, D01.5, D13.2, D13.4, D13.5, D13.5, D13.7, S36.1, K82.4, K83.5 | F45: C23.X, C22.X, C17.0, C24.X, C25.X, D01.5, D13.2, D13.4, D13.5, D13.5, D13.7, S36.1, K82.4, K83.5 | I45: 1025, 1024, 1026 | Q45: NO
A46: Amy | B46: fatal SAH | C46: sah_death | F46: I60.X | Q46: NO | U46: NO
A47: Amy | B47: hemiparesis | C47: hemip | E47: G81.X | F47: G81.X | Q47: NO | U47: NO
A48: Amy | B48: aphasia | C48: aphasia | E48: R47.X | F48: R47.X | Q48: NO | U48: NO
A49: Amy | B49: apraxia | C49: apraxia | E49: R48.2 | F49: R48.2 | Q49: NO | U49: NO
A50: Amy | B50: hemianopia | C50: hemianopia | E50: H53.4 | F50: H53.4 | Q50: NO | U50: NO
A51: Brian | B51: aortic stenosis | C51: aost | E51: I35.0 | F51: I35.0 | I51: 1490 | Q51: NO | U51: No | V51: Aortic Stenosis minimal
A52: Brian | B52: aortic stenosis broad | C52: aost_wide | E52: I35.0, I35.2 | F52: I35.0, I35.2 | I52: 1490 | Q52: NO | U52: No | V52: Aortic Stenosis maximal
A53: Brian | B53: CHD Death | C53: CHD_death | F53: I21.X, I22.X, I23.X, I24.X, I25.1, I25.2, I25.3, I25.5, I25.6, I25.6, I25.8, I25.9 | Q53: No | U53: No
A54: Brian | B54: ischemic stroke death | C54: i_stroke_death | F54: I63.X, I64.X | Q54: No | U54: No
A55: Brian | B55: ischemic heart failure death | C55: ish_hf | D55: 414.8, 428.X | E55: I25.5, I50.X | F55: I25.5, I50.X | I55: 1076 | Q55: No | U55: No
A56: Brian | B56: Pulmonary embolism & thombosis | C56: pe_thm | D56: 453.40, 451.11, 453.X, | E56: I26.X, I80.1.X, I80.2.X, I80.3.X, I80.81 | O56: O22.3, O87.1, O88.2 | Q56: No | U56: No
A57: Brian | B57: PTCA or CABG | C57: ptca_cabg | J57: 1070, 1095, 1523 | O57: K50.1, K40?, K41?, K42?, K43?, K44? | Q57: No | U57: No
A58: Dipender | B58: ANCA-associated vasculitis | C58: seq_anca | D58: 446.4 | E58: M31.3 | F58: M31.3 | I58: 1378 | Q58: NO | U58: NO
A59: Dipender | B59: Relapsing polychondritis | C59: seq_poly | E59: M94.1 | F59: M94.1 | Q59: NO | U59: NO
A60: Dipender | B60: Sarcoidosis | C60: seq_sarc | D60: 135.X | E60: D86.X | F60: D86.X | I60: 1371 | Q60: NO | U60: NO
A61: Dipender/Steve | B61: Abdominal aortic aneurysm plus | C61: seq_aaa | D61: 441.3.X, 441.4.X, 441.5.X, 441.6.X | E61: I71.3, I71.4, I71.5, I71.6 | F61: I71.3, I71.4, I71.5, I71.6 | G61: - | H61: - | I61: - | J61: - | K61: - | L61: - | M61: - | N61: - | O61: L19.4, L19.5 | Q61: NO | R61: - | T61: - | U61: NO
A62: Dipender/Steve | B62: Fatal abdominal aortic aneurysm plus | C62: seq_aaaf | F62: I71.3, I71.4, I71.5, I71.6 | Q62: NO | U62: NO
A63: Elias/Stephen | B63: Abdominal aortic aneurysm | C63: aaa | D63: 441.3.X, 441.4.X | E63: I71.3, I71.4 | F63: I71.3, I71.4 | I63: - | J63: - | K63: - | L63: - | M63: - | N63: - | O63: L19.4, L19.5 | Q63: NO | S63: G711.X | T63: G70.X, G71.X | U63: No | V63: Non-CHD CVD
A64: Elias/Stephen | B64: Chronic kidney disease | C64: ckd | D64: 585.X | E64: N18.X | F64: N18.X | I64: - | J64: - | K64: - | L64: - | M64: - | N64: - | O64: - | Q64: No | R64: NO | U64: No | V64: Non-CHD CVD | W64: seems strange that they didn't ask about this but I can't find a code in 20002; can redefine using serum creatinine once we have the biomarker data
A65: Elias/Stephen | B65: Deep venous thrombosis | C65: dvt | D65: 451.1.X | E65: I80.2 | F65: I80.2 | I65: 1094 | J65: - | K65: - | L65: 5 | N65: - | O65: L90.2 | Q65: No | U65: No | V65: Non-CHD CVD
A66: Elias/Stephen | B66: Heart failure | C66: hf | D66: 402.01, 402.11, 402.91, 404.01, 404.11, 404.91, 404.03, 404.13, 404.93, 428.X | E66: I11.0, I13.0, I13.2, I50.X | F66: I11.0, I13.0, I13.2, I50.X | I66: 1076 | J66: - | K66: - | L66: - | M66: - | N66: - | O66: - | Q66: No | U66: No | V66: Non-CHD CVD
A67: Elias/Stephen | B67: Hypertension | C67: hpt | D67: 401.X | E67: I10 | F67: I10 | I67: 1065, 1072 | J67: - | K67: 4 | L67: - | M67: 2 | N67: 2 | O67: - | Q67: No | U67: No | V67: Possible “negative control” as hypertension should not be affected by genetic instruments mimicking lipid-lowering drugs? | W67: would be good to get a consortium definition here; probably Ok to use blood pressure lowering for hypertension given older guidelines?
A68: Elias/Stephen | B68: Pulmonary embolism | C68: pe | D68: 415.1.X | E68: I26.X | F68: I26.X | I68: 1093 | J68: - | K68: - | L68: 7 | N68: - | O68: - | Q68: No | U68: No | V68: Non-CHD CVD
A69: Elias/Stephen | B69: Transient ischaemic attack | C69: tia | D69: 435.X | E69: G45.X | F69: G45.X | I69: 1082 | J69: - | K69: - | L69: - | M69: - | N69: - | O69: - | Q69: No | U69: No | V69: Non-CHD CVD
A70: Eva | B70: Ever had Fibromyalgia syndrome | C70: FM | D70: 729.1.X | E70: M79.7.X | F70: M79.7.X | I70: 1542 | Q70: YES | R70: YES | U70: No
A71: Eva | B71: Ever had chronic fatigue syndrome | C71: CFS | D71: 780.71 | E71: R53. 82 | F71: R53. 82 | I71: 1482 | Q71: YES | R71: YES | U71: No
A72: Eva | B72: Fatigue | C72: Fati | D72: 780.7.X | E72: R53.X | F72: R53.X | I72: 1482 | Q72: YES | R72: YES | U72: No
A73: Eva | B73: Ever had complex regional pain syndrome | C73: CRPS | D73: 337.21 | E73: G90. 5 | F73: G90. 5 | Q73: YES | R73: YES | U73: No
A74: Eva | B74: NO PC Ever had Fibromyalgia syndrome | C74: FM1 | D74: 729.1.X | E74: M79.7.X | F74: M79.7.X | I74: 1542 | Q74: NO | R74: NO | U74: No
A75: Eva | B75: NO PC Ever had chronic fatigue syndrome | C75: CFS1 | D75: 780.71 | E75: R53. 82 | F75: R53. 82 | I75: 1482 | Q75: NO | R75: NO | U75: No
A76: Eva | B76: NO PC Fatigue | C76: Fati1 | D76: 780.7.X | E76: R53.X | F76: R53.X | I76: 1482 | Q76: NO | R76: NO | U76: No
A77: Eva | B77: NO PC Ever had complex regional pain syndrome | C77: CRPS1 | D77: 337.21 | E77: G90. 5 | F77: G90. 5 | Q77: NO | R77: NO | U77: No
A78: Jaya | B78: hepatic fibrosis | C78: jaya_hepfib | E78: K74.0, K74.2 | F78: K74.0, K74.2 | Q78: NO | U78: NO
A79: Jaya | B79: nash | C79: jaya_nash | E79: K75.8 | F79: K75.8 | Q79: NO | U79: NO
A80: Jaya | B80: nafld | C80: jaya_nafld | E80: K76.0 | F80: K76.0 | Q80: NO | U80: NO
A81: Jaya | B81: other liver | C81: jaya_other | E81: K76.8 | F81: K76.8 | Q81: NO | U81: NO
A82: Jaya | B82: cirrhosis | C82: jaya_cirr | E82: K70.2, K70.3, K70.4, K74.0, K74.1, K74.2, K74.6, K76.6 | F82: K70.2, K70.3, K70.4, K74.0, K74.1, K74.2, K74.6, K76.6 | Q82: NO | U82: NO
A83: Jaya | B83: pre-nafld | C83: jaya_prenafld | E83: K74.0, K74.2, K74.6, K71.7 | F83: K74.0, K74.2, K74.6, K71.7 | Q83: NO | U83: NO
A84: Jaya | B84: nash or nafld | C84: jaya_nashnafld | E84: K75.8, K76.0 | F84: K75.8, K76.0 | Q84: NO | U84: NO
A85: Jaya | B85: any liver condition | C85: jaya_liverany | E85: K75.8, K75.9, K76.0, K76.9 | F85: K75.8, K75.9, K76.0, K76.9 | Q85: NO | U85: NO
A86: Julius | B86: acute renal failure | C86: akd | D86: 584.X | E86: N17.X | F86: N17.X | Q86: NO | U86: No
A87: Julius | B87: lower limb amputation | C87: amputation | J87: 1440, 1441, 1442 | O87: X09.X, X10.X, X11.X | Q87: NO | U87: No
A88: Julius | B88: chronic kidney disease | C88: ckd_j | D88: 403.X, 585.X, 586.X | E88: N18.X, N19.X, I12.X, I13.X | F88: N18.X, N19.X, I12.X, I13.X | I88: 1192, 1193, 1194 | J88: 1580, 1581, 1582 | Q88: No | U88: No
A89: Julius | B89: genital infection | C89: ginf | D89: 112.1, 601.X, 604.X, 607.2, 608.4, 646.6 | E89: B37.3, B37.4, N41.X, N45.X, N48.2, N49.X, N70.X, N71.X, N72.X, N73.X, N74.X, N75.X, N76.X, N77.X, O23.5, O23.9 | F89: B37.3, B37.4, N41.X, N45.X, N48.2, N49.X, N70.X, N71.X, N72.X, N73.X, N74.X, N75.X, N76.X, N77.X, O23.5, O23.9 | Q89: No | U89: No
A90: Julius | B90: Heart failure | C90: hfailure | D90: 428.X | E90: I11.0, I13.0, I13.2, I125.5, I50.X | F90: I11.0, I13.0, I13.2, I125.5, I50.X | Q90: No | U90: No
A91: Julius | B91: Ketoacidosis | C91: ka | D91: 250.1.0, 250.1.9 | E91: E11.1 | F91: E11.1 | Q91: No | U91: No
A92: Julius | B92: Peripheral artery disease | C92: pad | D92: 440.X, 443.8, 443.9, 444.X | E92: I70.X, I73.8, I73.9, I74.X | F92: I70.X, I73.8, I73.9, I74.X | I92: 1067 | J92: 1102, 1108 | Q92: No | U92: No
A93: Julius | B93: urinary tract infection | C93: utinf | D93: 590.X, 595.X, 597.X, 599.0 | E93: N30.X, N34.X, N39.0, O23.0, O23.1, O23.3, O23.4 | F93: N30.X, N34.X, N39.0, O23.0, O23.1, O23.3, O23.4 | I93: 1196, 1514, 1515 | Q93: No | U93: No
A94: Paul/Elias | B94: Atrial fibrillation (and flutter) | C94: af | D94: 427.3.X | E94: I48.X | F94: I48.X | I94: 1471, 1483 | J94: - | K94: - | L94: - | M94: - | N94: - | O94: - | Q94: NO | U94: No | V94: Non-CHD CVD (used in Emdin et al, Circulation 2018)
A95: Paul/Elias | B95: Aortic stenosis | C95: ast | D95: 424.1.X | E95: I35.0, I35.2 | F95: I35.0, I35.2 | I95: 1490 | J95: - | K95: - | L95: - | M95: - | N95: - | O95: - | Q95: NO | U95: No | V95: Non-CHD CVD (used in Cairns et al, Circulation 2017)
A96: Paul/Elias | B96: Dilated cardiomyopathy | C96: dmcp | D96: - | E96: I42.0 | F96: I42.0 | I96: - | J96: - | K96: - | L96: - | M96: - | N96: - | O96: - | Q96: No | U96: No | V96: Non-CHD CVD
A97: Paul/Elias | B97: Heart failure (including dilated cardiomyopathy) | C97: hf_dmcp | D97: 402.01, 402.11, 402.91, 404.01, 404.11, 404.91, 404.03, 404.13, 404.93, 428.X | E97: I11.0, I13.0, I13.2, I50.X, I42.0 | F97: I11.0, I13.0, I13.2, I50.X, I42.0 | I97: 1076 | J97: - | K97: - | L97: - | M97: - | N97: - | O97: - | Q97: No | U97: No | V97: Non-CHD CVD
A98: Paul/Matt | B98: Breast Ca | C98: ca_breast | D98: 174.X, 175.X, V10.3 | E98: C50.X, Z85.3 | F98: C50.X, Z85.3 | H98: 1002
A99: Paul/Matt | B99: Prostate Ca | C99: ca_prost | D99: 185.X, V10.46 | E99: C61.X, Z85.46 | F99: C61.X, Z85.46 | H99: 1044
A100: Paul/Matt | B100: Lung Ca | C100: ca_lung | D100: 162.X, V10.1 | E100: C33.X, C34.X, C39.9, Z85.1 | F100: C33.X, C34.X, C39.9, Z85.1 | H100: 1001, 1027, 1028, 1080
...

Sheet Settings
A1: Setting | B1: Value | C1: CVDset | D1: Cancerset
A2: Filename | B2: Test | C2: CVD | D2: Cancer
A3: diabetes
A4: =Definitions!C2 -> aa | C4: Y
A5: =Definitions!C3 -> cad_hard
A6: =Definitions!C4 -> cad_int | C6: Y
A7: =Definitions!C5 -> cad_soft
A8: =Definitions!C6 -> hf_cmp
A9: =Definitions!C7 -> taa | C9: Y
A10: =Definitions!C8 -> ukb_ich | C10: Y
A11: =Definitions!C9 -> ukb_mi | C11: Y
A12: =Definitions!C10 -> ukb_nstemi | C12: Y
A13: =Definitions!C11 -> ukb_sah | C13: Y
A14: =Definitions!C12 -> ukb_stemi | C14: Y
A15: =Definitions!C13 -> ukb_stri | C15: Y
A16: =Definitions!C14 -> ukb_stroke | C16: Y
A17: =Definitions!C15 -> vte | C17: Y
A18: =Definitions!C16 -> sch_1
A19: =Definitions!C17 -> sch_2
A20: =Definitions!C18 -> ca_all | D20: Y
A21: =Definitions!C19 -> aftap
A22: =Definitions!C20 -> afta
A23: =Definitions!C21 -> fof
A24: =Definitions!C22 -> osteo
A25: =Definitions!C23 -> osteo_plus
A26: =Definitions!C24 -> frac_fore
A27: =Definitions!C25 -> frac_arm
A28: =Definitions!C26 -> frac_hip
A29: =Definitions!C27 -> frac_vert
A30: =Definitions!C28 -> frac_pelvis
A31: =Definitions!C29 -> frac_femur
A32: =Definitions!C30 -> frac_leg
... A52: =Definitions!C50 -> hemianopia
A53: =Definitions!C51 -> aost | C53: Y
A54: =Definitions!C52 -> aost_wide
A55: =Definitions!C53 -> CHD_death
A56: =Definitions!C54 -> i_stroke_death
A57: =Definitions!C55 -> ish_hf
A58: =Definitions!C56 -> pe_thm
A59: =Definitions!C57 -> ptca_cabg
A60: =Definitions!C58 -> seq_anca
A61: =Definitions!C59 -> seq_poly
A62: =Definitions!C60 -> seq_sarc
A63: =Definitions!C61 -> seq_aaa
A64: =Definitions!C62 -> seq_aaaf
A65: =Definitions!C63 -> aaa | C65: Y
A66: =Definitions!C64 -> ckd | C66: Y
A67: =Definitions!C65 -> dvt | C67: Y
A68: =Definitions!C66 -> hf | C68: Y
A69: =Definitions!C67 -> hpt | C69: Y
A70: =Definitions!C68 -> pe | C70: Y
A71: =Definitions!C69 -> tia | C71: Y
A72: =Definitions!C70 -> FM
A73: =Definitions!C71 -> CFS
A74: =Definitions!C72 -> Fati
A75: =Definitions!C73 -> CRPS
A76: =Definitions!C74 -> FM1
A77: =Definitions!C75 -> CFS1
A78: =Definitions!C76 -> Fati1
A79: =Definitions!C77 -> CRPS1
A80: =Definitions!C78 -> jaya_hepfib
A81: =Definitions!C79 -> jaya_nash
A82: =Definitions!C80 -> jaya_nafld
A83: =Definitions!C81 -> jaya_other
... A91: =Definitions!C89 -> ginf
A92: =Definitions!C90 -> hfailure | C92: Y
A93: =Definitions!C91 -> ka
A94: =Definitions!C92 -> pad | C94: Y
A95: =Definitions!C93 -> utinf
A96: =Definitions!C94 -> af | C96: Y
A97: =Definitions!C95 -> ast
A98: =Definitions!C96 -> dmcp
A99: =Definitions!C97 -> hf_dmcp
A100: =Definitions!C98 -> ca_breast | D100: Y
A101: =Definitions!C99 -> ca_prost | D101: Y
A102: =Definitions!C100 -> ca_lung | D102: Y
A103: =Definitions!C101 -> ca_bowel | D103: Y
A104: =Definitions!C102 -> ca_mel | D104: Y
A105: =Definitions!C103 -> ca_nhl | D105: Y
A106: =Definitions!C104 -> ca_kid | D106: Y
A107: =Definitions!C105 -> ca_headneck | D107: Y
A108: =Definitions!C106 -> ca_brain | D108: Y
A109: =Definitions!C107 -> ca_blad | D109: Y
A110: =Definitions!C108 -> ca_panc | D110: Y
A111: =Definitions!C109 -> ca_uter | D111: Y
... A121: =Definitions!C119 -> ca_test | D121: Y
A122: =Definitions!C120 -> gord
A123: =Definitions!C121 -> barr
A124: =Definitions!C122 -> cardarr
A125: =Definitions!C123 -> cardarr_finn
A126: =Definitions!C124 -> ventarr
A127: =Definitions!C125 -> parox
A128: =Definitions!C126 -> supvarr
A129: =Definitions!C127 -> parox_all
A130: =Definitions!C128 -> seq_inflam
A131: =Definitions!C129 -> seq_marfan
A132: =Definitions!C130 -> seq_ehlers
A133: =Definitions!C131 -> seq_connective
... A135: =Definitions!C133 -> seq_aa
A136: =Definitions!C134 -> pvd_simple | C136: Y
...

Sheet Read_V3
A1: read_code | B1: icd10_code | C1: mapping_status
A2: 123.. | B2: Z831 | C2: D
A3: 12A.. | B3: Z835 | C3: D
A4: 12DZ. | B4: Z836 | C4: D
A5: 136K. | B5: F100 | C5: D
A6: 13CE. | B6: R268 | C6: D
A7: 13FF. | B7: Z598 | C7: D
A8: 13FF2 | B8: Z598 | C8: D
A9: 13G1. | B9: Z741 | C9: D
A10: 13G2. | B10: Z741 | C10: D
A11: 13G61 | B11: Z741 | C11: D
A12: 13H8. | B12: Z640 | C12: D
... A35: 14U.. | B35: Z939 | C35: D
A36: 1512 | B36: N951 | C36: D
A37: 15A2. | B37: Z924 | C37: D
A38: 1624 | B38: R635 | C38: D
A39: 1632 | B39: R633 | C39: D
A40: 1633 | B40: R633 | C40: D
A41: 166.. | B41: R619 | C41: D
A42: 166Z. | B42: R619 | C42: D
A43: 1682 | B43: R53X | C43: D
A44: 16A2. | B44: M436 | C44: D
A45: 16AZ. | B45: M436 | C45: D
A46: 16B.. | B46: R233 | C46: D
A47: 16B3. | B47: R233 | C47: D
A48: 16BZ. | B48: R233 | C48: D
A49: 16C.. | B49: M549 | C49: D
A50: 16C2. | B50: M549 | C50: D
A51: 16C6. | B51: M549 | C51: D
A52: 16CZ. | B52: M549 | C52: D
A53: 171C. | B53: R05X | C53: D
A54: 171D. | B54: R05X | C54: D
A55: 171Z. | B55: R05X | C55: D
... A57: 173B. | B57: R062 | C57: D
A58: 1813 | B58: R002 | C58: D
A59: 181Z. | B59: R002 | C59: D
A60: 182.. | B60: R074 | C60: D
A61: 1822 | B61: R072 | C61: D
A62: 1823 | B62: R072 | C62: D
A63: 1828 | B63: R074 | C63: D
A64: 1829 | B64: R073 | C64: D
A65: 182A. | B65: R074 | C65: D
A66: 182Z. | B66: R074 | C66: D
A67: 183Z. | B67: R609 | C67: D
A68: 1927 | B68: R682 | C68: D
A69: 195.. | B69: K30X | C69: D
A70: 1953 | B70: R12X | C70: D
A71: 1955 | B71: R12X | C71: D
A72: 195Z. | B72: K30X | C72: D
A73: 1962 | B73: R104 | C73: D
A74: 1963 | B74: R104 | C74: D
A75: 1969 | B75: R104 | C75: D
A76: 19690 | B76: R104 | C76: D
A77: 197A. | B77: R104 | C77: D
A78: 197C. | B78: R103 | C78: D
A79: 198Z. | B79: R11X | C79: D
A80: 19A.. | B80: R14X | C80: D
A81: 19AZ. | B81: R14X | C81: D
A82: 19B2. | B82: R14X | C82: D
A83: 19B5. | B83: R14X | C83: D
A84: 19D2. | B84: R198 | C84: D
A85: 19DZ. | B85: R198 | C85: D
A86: 19EA. | B86: R194 | C86: D
A87: 19F2. | B87: A099 | C87: D
A88: 1A12. | B88: R35X | C88: D
... A122: 1DC5. | B122: R529 | C122: D
A123: 2257 | B123: F329 | C123: D
A124: 22C40 | B124: R600 | C124: D
A125: 22E5. | B125: H269 | C125: D
A126: 22EE. | B126: H269 | C126: D
A127: 22H2. | B127: E049 | C127: D
A128: 22J5. | B128: R959 | C128: D
A129: 2371 | B129: M954 | C129: D
A130: 2373 | B130: M954 | C130: D
A131: 23E3. | B131: A162 | C131: D
A132: 2456 | B132: I729 | C132: D
A133: 2482 | B133: I839 | C133: D
A134: 2542 | B134: K029 | C134: D
A135: 2552 | B135: K051 | C135: D
A136: 2552 | B136: E52XD | C136: D
A137: 2552 | B137: K938A | C137: D
A138: 2552 | B138: K938A | C138: D
A139: 2552 | B139: E52XD | C139: D
A140: 2564 | B140: K140 | C140: D
A141: 2565 | B141: Q382 | C141: D
A142: 2566 | B142: K145 | C142: D
A143: 25P2. | B143: K469 | C143: D
A144: 25P3. | B144: K460 | C144: D
A145: 25P4. | B145: K460 | C145: D
A146: 25P5. | B146: K469 | C146: D
A147: 25P6. | B147: K469 | C147: D
A148: 2682 | B148: N852 | C148: D
A149: 26C2. | B149: N645 | C149: D
A150: 2822 | B150: G406 | C150: D
A151: 2823 | B151: G403 | C151: D
A152: 2833 | B152: G819 | C152: D
A153: 2834 | B153: G833 | C153: D
A154: 2835 | B154: G822 | C154: D
A155: 2836 | B155: G825 | C155: D
A156: 2837 | B156: G830 | C156: D
...

Sheet Read_V2
A1: read_code | B1: icd10_code | C1: icd10_code_def
A2: A00.. | B2: A00 | C2: 1
A3: A000. | B3: A000 | C3: 1
A4: A001. | B4: A001 | C4: 1
A5: A00z. | B5: A009 | C5: 1
A6: A01.. | B6: A01 | C6: 1
A7: A010. | B7: A010 | C7: 1
A8: A011. | B8: A011 | C8: 1
A9: A012. | B9: A012 | C9: 1
A10: A013. | B10: A013 | C10: 1
A11: A01z. | B11: A014 | C11: 1
A12: A02.. | B12: A02 | C12: 1
A13: A020. | B13: A020 | C13: 1
... A16384: N061T | B16384: M125 | C16384: 1

Sheet cancer_sub
A1: Completer | B1: Outcome name | C1: Subset name | D1: Suggested variable name | E1: ICD-9 codes | F1: ICD-10 codes | G1: Death 40001, 40002 | H1: Cancer Histology | I1: Self-report 20001 | J1: Self-report 20002 | K1: Self-report 20004 | L1: Self-report 6150 | M1: Self-report 6152 | N1: Self-report 6153 | O1: Self-report 6177 | P1: Procedures OPCS4 | Q1: Procedures OPCS3 | R1: Use Primary Care | S1: Match ICD10 Primary Care Codes | T1: Read V3 Primary Care Codes | U1: Read V2 Primary Care Codes | V1: Prevalent/Incident | W1: Comments on definition | X1: Other comments
E2: Fields used (40013, 40017, 41203, 41205) | F2: (40006, 40016, 41202, 41204 ) | G2: 40001, 40002 | H2: 40011
A3: Paul/Matt | B3: Breast Ca | C3: ca_breast | D3: ca_breast | E3: 174.X, 175.X, V10.3 | F3: C50.X, Z85.3 | G3: C50.X, Z85.3 | I3: 1002 | R3: No | V3: Yes
A4: Paul/Matt | B4: Prostate Ca | C4: ca_prost | D4: ca_prost | E4: 185.X, V10.46 | F4: C61.X, Z85.46 | G4: C61.X, Z85.46 | I4: 1044 | R4: No | V4: Yes
A5: Paul/Matt | B5: Lung Ca | C5: ca_lung | D5: ca_lung | E5: 162.X, V10.1 | F5: C33.X, C34.X, C39.9, Z85.1 | G5: C33.X, C34.X, C39.9, Z85.1 | I5: 1001, 1027, 1028, 1080 | R5: No | V5: Yes
B6: Squamous | C6: ca_lung | D6: lung_squa | H6: 8070 | R6: No | V6: Yes
B7: Adeno | C7: ca_lung | D7: lung_adeno | H7: 8140, 8255, 8480, 8481, 8490 | R7: No | V7: Yes
B8: NSCLC | C8: ca_lung | D8: lung_NSC | H8: 8070, 8140, 8255, 8480, 8481, 8490, 8046, 8012, 8013, 8014, 8560, | I8: 1028 | R8: No | V8: Yes
A9: Paul/Matt | B9: Bowel Ca | C9: ca_bowel | D9: ca_bowel | E9: 153.X, 154.0, 154.1, V10.05, V10.06 | F9: C18.X, C19.X, C20.X, Z85.038, Z85.048 | G9: C18.X, C19.X, C20.X, Z85.038, Z85.048 | I9: 1020, 1022, 1023 | R9: No | V9: Yes
A10: Paul/Matt | B10: Melanoma | C10: ca_mel | D10: ca_mel | E10: 172.X, V10.82 | F10: C43.X, Z85.820 | G10: C43.X, Z85.820 | I10: 1059 | R10: No | V10: Yes
A11: Paul/Matt | B11: NHL | C11: ca_nhl | D11: ca_nhl | E11: 200.X, 202.0 , 202.1, 202.2, 202.7, V10.71 | F11: C82.X, C83.X, C84.X, C85.X, C86.X, C88.0, C88.4, Z85.72 | G11: C82.X, C83.X, C84.X, C85.X, C86.X, C88.0, C88.4, Z85.72 | I11: 1053 | R11: No | V11: Yes
B12: Diffuse Large Cell | C12: ca_nhl | D12: NHL_DLBC | F12: C83.3 | G12: C83.3 | H12: 9680, 9684, | R12: No | V12: Yes
B13: Follicular | C13: ca_nhl | D13: NHL_fol | F13: C82.X | G13: C82.X | H13: 9690, 9691, 9695, 9698 | R13: No | V13: Yes
A14: Paul/Matt | B14: Kidney Ca | C14: ca_kid | D14: ca_kid | E14: 189.0, V10.52 | F14: C64.X, Z85.528 | G14: C64.X, Z85.528 | I14: 1034 | R14: No | V14: Yes
A15: Paul/Matt | B15: Head and Neck Ca | C15: ca_headneck | D15: ca_headneck | E15: 140.X, 141.X, 142.X, 143.X, 144.X, 145.X, 146.X, 147.X, 148.X, 149.X, 160.X, 161.X, V10.01, V10.02, V10.21, V10.22, | F15: C00.X, C01.X, C02.X, C03.X, C04.X, C05.X, C06.X, C07.X, C08.X, C09.X, C10.X, C11.X, C12.X, C13.X, C14.X, C30.X, C31.X, C32.X, Z85.21, Z85.22, Z85.81 | G15: C00.X, C01.X, C02.X, C03.X, C04.X, C05.X, C06.X, C07.X, C08.X, C09.X, C10.X, C11.X, C12.X, C13.X, C14.X, C30.X, C31.X, C32.X, Z85.21, Z85.22, Z85.81 | I15: 1006, 1007, 1009, 1004, 1010, 1011, 1012, 1077, 1078, 1079, 1005, 1015, 1016, | R15: No | V15: Yes
B16: Oral and orapharngeal | C16: ca_headneck | D16: head_oral | E16: 146.X, 140.X, 141.X, 143.X, 144.X, 145.X, 149.8, 149.9, V10.01, V10.02 | F16: C10.X, C00.X, C01.X, C02.X, C03.X, C04.X, C05.X, C06.X, C09.X, | G16: C10.X, C00.X, C01.X, C02.X, C03.X, C04.X, C05.X, C06.X, C09.X | I16: 1004, 1010, 1011, 1012, 1077, 1078, 1079, | R16: No | V16: Yes
B17: Laryngeal and hypopharyngeal | C17: ca_headneck | D17: head_lar | E17: 148.X, 161.X, V10.21 | F17: C12.X, C13.X, C32.X, Z85.21 | G17: C12.X, C13.X, C32.X, Z85.21 | I17: 1006 | R17: No | V17: Yes
A18: Paul/Matt | B18: Brain/CNS/Intracranial | C18: ca_brain | D18: ca_brain | E18: 191.X, 192.0, 192.1, 192.2, 192.3, V10.85 | F18: C70.X, C71.X, C72.0, C72.3, Z85.841 | G18: C70.X, C71.X, C72.0, C72.3, Z85.841 | I18: 1031, 1032, 1033 | R18: No | V18: Yes
A19: Paul/Matt | B19: Bladder Ca | C19: ca_blad | D19: ca_blad | E19: 188.X, 189.1, 189.2, V10.51, V10.53 | F19: C67.X, C65.X, C66.X, Z85.51, Z85.54, Z85.53 | G19: C67.X, C65.X, C66.X, Z85.51, Z85.54, Z85.53 | I19: 1035 | R19: No | V19: Yes
A20: Paul/Matt | B20: Pancreatic Ca | C20: ca_panc | D20: ca_panc | E20: 157.X | F20: C25.X, Z85.07 | G20: C25.X, Z85.07 | I20: 1034 | R20: No | V20: Yes
A21: Paul/Matt | B21: Uterine ca | C21: ca_uter | D21: ca_uter | E21: 179.X, 182.X, V10.42, | F21: C54.X, C55.X, Z85.42 | G21: C54.X, C55.X, Z85.42 | I21: 1040 | R21: No | V21: Yes
A22: Paul/Matt | B22: Leukaemia | C22: ca_leuk | D22: ca_leuk | E22: 204.X, 205.X, 206.X, 207.X, 208.X, V10.6 | F22: C91.X, C92.X, C93.X, C94.0, C94.2, C94.3, C94.4, C94.8, C95, Z85.6 | G22: C91.X, C92.X, C93.X, C94.0, C94.2, C94.3, C94.4, C94.8, C95, Z85.6 | I22: 1048, 1055, 1056, 1074 | R22: No | V22: Yes
B23: AML | C23: ca_leuk | D23: leuk_aml | E23: 205.0, 205.3, 206.0, 207.0, | F23: C92.0, C92.3, C92.4, C92.5, C92.6, C92.A, C93.0, C94.0, C94.2, C94.3, C94.4 | G23: C92.0, C92.3, C92.4, C92.5, C92.6, C92.A, C93.0, C94.0, C94.2, C94.3, C94.4 | I23: 1074 | R23: No | V23: Yes
B24: CLL | C24: ca_leuk | D24: leuk_cll | E24: 204.1 | F24: C91.1, C91.3, C91.4, C91.6 | G24: C91.1, C91.3, C91.4, C91.6 | I24: 1055 | R24: No | V24: Yes
A25: Paul/Matt | B25: Oesophageal Ca | C25: ca_oeso | D25: ca_oeso | E25: 150.X, V10.03 | F25: C15.X, Z85.01 | G25: C15.X, Z85.01 | I25: 1017 | R25: No | V25: Yes
A26: Paul/Matt | B26: Ovarian Ca | C26: ca_ov | D26: ca_ov | E26: 183.0, 183.2, 183.8, 183.9, V10.43 | F26: C56.X, C57.0, C57.4, Z85.43 | G26: C56.X, C57.0, C57.4, Z85.43 | I26: 1039 | R26: No | V26: Yes
A27: Paul/Matt | B27: Stomach ca | C27: ca_gastric | D27: ca_gastric | E27: 151.X, V10.04 | F27: C16.X, Z85.028 | G27: C16.X, Z85.028 | I27: 1018 | R27: No | V27: Yes
A28: Paul/Matt | B28: Liver Ca | C28: ca_hep | D28: ca_hep | E28: 155.0 | F28: C22.0 | G28: C22.0 | H28: 8170, 8171, 8172, 8173, 8174, 8175 | I28: 1024 | R28: No | V28: Yes
A29: Paul/Matt | B29: Myeloma | C29: ca_myeloma | D29: ca_myeloma | E29: 203.0, 203.1, | F29: C90.0, C90.1 | G29: C90.0, C90.1 | H29: 9732, 9733 | I29: 1050 | R29: No | V29: Yes
A30: Paul/Matt | B30: Thyroid | C30: ca_thyroid | D30: ca_thyroid | E30: 193.X, V10.87 | F30: C73.X. Z85.850 | G30: C73.X. Z85.850 | I30: 1065 | R30: No | V30: Yes
A31: Paul/Matt | B31: Biliary | C31: ca_bil | D31: ca_bil | E31: 155.1, 156.0 | F31: C22.1, C23.X, C24.X | G31: C22.1, C23.X, C24.X | I31: 1025 | R31: No | V31: Yes
A32: Paul/Matt | B32: Cervical | C32: ca_cerv | D32: ca_cerv | E32: 180.X, V10.41 | F32: C53.X, Z85.41 | G32: C53.X, Z85.41 | I32: 1041 | R32: No | V32: Yes
A33: Paul/Matt | B33: Testicular | C33: ca_test | D33: ca_test | E33: 186.X, V10.47 | F33: C62.X, Z85.47 | G33: C62.X, Z85.47 | I33: 1045 | R33: No | V33: Yes
A34: Amy | B34: All Cancer | C34: ca_all | D34: ca_all | E34: 14.X, 15.X,16.X,17.X, 18.X, 19.X, 20.X, V10.X | F34: C.X, Z85.X | G34: C.X, Z85.X | H34: .X | I34: .X | R34: No | V34: Yes
